job_id,cluster_k1,cluster_k2,cluster_k3,cluster_k4,cluster_k5,cluster_k6,cluster_k7,cluster_k8,cluster_k9,cluster_k10,cluster_k11,cluster_k12,cluster_k13,cluster_k14,cluster_k15,cluster_k16,cluster_k17,cluster_k18,cluster_k19,cluster_k20,cluster_k21,cluster_k22,cluster_k23,cluster_k24,cluster_k25,cluster_k26,cluster_k27,cluster_k28,cluster_k29,cluster_k30,cluster_k31,cluster_k32,cluster_k33,cluster_k34,cluster_k35,cluster_k36,cluster_k37,cluster_k38,cluster_k39,cluster_k40,cluster_k41,cluster_k42,cluster_k43,cluster_k44,cluster_k45,cluster_k46,cluster_k47,cluster_k48,cluster_k49,cluster_k50,cluster_k51,cluster_k52,cluster_k53,cluster_k54,cluster_k55,cluster_k56,cluster_k57,cluster_k58,cluster_k59,cluster_k60,cluster_k61,cluster_k62,cluster_k63,cluster_k64,cluster_k65,cluster_k66,cluster_k67,cluster_k68,cluster_k69,cluster_k70,cluster_k71,cluster_k72,cluster_k73,cluster_k74,cluster_k75,cluster_k76,cluster_k77,cluster_k78,cluster_k79,cluster_k80,cluster_k81,cluster_k82,cluster_k83,cluster_k84,cluster_k85,cluster_k86,cluster_k87,cluster_k88,cluster_k89,cluster_k90,cluster_k91,cluster_k92,cluster_k93,cluster_k94,cluster_k95,cluster_k96,cluster_k97,cluster_k98,cluster_k99,cluster_k100
921716,0,1,2,3,3,3,3,7,7,7,7,7,7,7,7,7,16,16,16,16,20,20,20,20,24,24,24,24,24,24,24,24,24,24,24,24,24,24,24,24,24,24,24,24,24,24,24,24,24,24,24,24,24,24,19,19,19,19,19,19,19,19,19,19,19,19,66,66,66,66,66,66,66,66,66,66,66,66,66,66,66,66,66,66,66,66,66,66,66,66,66,66,66,66,66,66,66,66,66,66
1829192,0,1,2,3,3,3,3,7,7,7,7,7,7,7,7,7,7,7,18,18,8,8,8,8,24,24,24,24,24,24,24,24,24,24,24,24,24,24,24,24,24,24,24,43,43,43,43,43,43,43,43,43,43,43,19,19,19,19,19,19,19,19,19,19,19,19,19,19,19,19,70,70,70,70,70,70,70,70,70,70,70,70,70,70,70,70,70,70,70,70,70,70,70,70,70,70,70,70,70,70
10998357,0,1,2,2,2,2,2,7,7,7,7,7,7,7,7,7,7,7,7,7,8,8,8,8,24,24,24,24,24,24,24,24,24,24,24,35,35,35,35,35,35,35,35,35,35,35,35,35,35,35,35,35,35,35,29,29,29,29,29,29,29,29,29,29,29,29,29,29,29,29,29,29,29,29,29,29,29,29,29,29,29,29,29,29,29,29,29,29,29,29,29,29,29,29,29,29,29,29,29,29
23221523,0,1,2,3,3,3,3,7,7,7,7,7,7,7,7,7,7,7,7,7,8,8,8,8,24,24,24,24,24,24,24,24,24,24,24,24,24,24,24,24,24,24,24,24,24,24,24,24,24,24,24,24,24,24,19,19,19,19,19,19,19,19,19,63,63,63,63,63,63,63,63,63,63,63,63,63,63,63,63,63,63,63,63,63,63,63,63,63,63,63,63,63,63,63,63,63,63,63,63,63
35982263,0,1,2,3,3,3,3,2,2,2,2,11,11,11,11,11,11,11,11,11,6,6,6,6,6,6,6,6,6,6,6,6,6,6,6,6,6,6,6,6,6,6,6,6,6,6,6,6,6,6,6,6,6,6,7,7,7,7,7,7,7,7,7,7,7,7,7,7,7,7,7,7,7,7,7,7,7,7,7,7,7,7,7,7,7,7,7,7,7,7,7,7,7,7,7,7,7,7,7,7
91700727,0,1,2,3,3,3,3,7,7,7,7,7,7,7,7,7,7,7,7,7,20,20,20,20,24,24,24,24,24,24,24,24,24,24,24,24,24,24,24,24,24,24,24,24,24,24,24,24,24,24,24,24,24,24,19,19,19,19,19,19,19,19,19,19,19,19,19,19,19,19,19,19,19,19,19,19,19,19,19,19,19,19,19,19,19,19,19,19,19,19,19,19,19,19,19,19,19,19,19,19
103254301,0,1,1,3,1,1,1,7,7,7,7,7,7,7,7,7,7,7,7,7,8,8,8,8,8,8,8,8,28,28,30,30,30,30,30,30,30,30,30,30,30,30,30,30,30,30,30,30,30,30,30,30,30,30,25,25,25,25,25,25,25,25,25,25,25,25,25,25,25,25,25,25,25,25,25,25,25,25,25,25,25,25,25,25,25,25,25,25,25,25,25,25,25,25,25,25,25,25,25,25
112576855,0,1,2,2,2,2,2,2,2,2,2,2,2,2,2,2,2,2,2,2,2,2,2,2,2,2,2,2,2,2,2,2,2,2,2,2,2,2,2,2,2,2,2,2,2,2,2,2,2,2,2,2,2,2,1,1,1,1,1,1,1,1,1,1,1,1,1,1,1,1,1,1,1,1,1,1,1,1,1,1,1,1,1,1,1,1,1,1,1,1,1,1,1,1,1,1,1,1,1,1
1218575,0,1,2,3,3,3,3,7,7,7,7,7,7,7,7,7,7,7,18,18,8,8,8,8,8,8,8,8,8,8,8,8,8,8,8,8,8,8,8,8,8,8,8,43,43,43,43,43,43,43,43,43,43,43,19,19,19,19,19,19,19,19,19,19,19,19,19,19,19,19,70,70,70,70,70,70,70,70,70,70,70,70,70,70,70,70,70,70,70,70,70,70,70,70,70,70,70,70,70,70
2264355,0,1,2,3,3,3,3,7,7,7,7,7,7,7,7,7,7,7,7,7,20,20,20,20,24,24,24,24,24,24,24,24,24,24,24,24,24,24,24,24,24,24,24,24,24,24,24,24,24,24,24,24,24,24,50,50,50,50,50,50,50,50,50,50,50,50,50,50,50,50,50,50,50,50,50,50,50,50,50,50,50,50,50,50,50,50,50,50,50,50,50,50,50,50,50,50,50,50,50,50
9615617,0,0,1,3,3,3,3,7,7,7,7,7,7,7,7,7,7,7,7,7,8,8,8,8,8,8,8,8,8,8,8,8,8,8,8,8,8,8,8,39,39,39,39,39,39,39,39,39,39,39,39,39,39,39,33,33,33,33,33,33,33,33,33,33,33,33,33,33,33,33,33,71,71,71,71,71,71,71,71,71,71,71,71,71,71,71,71,71,71,71,71,71,71,71,71,71,71,71,71,71
11009123,0,0,1,1,1,1,1,1,1,1,1,1,1,1,1,1,1,1,1,1,16,16,16,16,16,16,16,16,16,16,16,16,16,16,16,16,16,16,16,16,16,16,16,16,16,16,16,16,16,16,16,16,16,16,39,39,39,39,39,39,39,39,39,39,39,39,39,39,39,39,39,39,39,39,39,39,39,39,39,39,39,39,39,39,39,39,39,39,39,39,39,39,39,39,39,39,39,39,39,39
56482768,0,1,2,3,3,3,3,7,7,7,7,7,7,7,7,7,7,7,7,7,20,20,20,20,24,24,24,24,24,24,24,24,24,24,24,24,24,24,24,24,24,24,24,24,24,24,24,24,24,24,24,24,24,24,19,19,19,19,19,19,19,19,19,19,19,19,19,19,19,19,19,19,19,19,19,19,19,19,19,19,19,19,19,19,19,19,19,19,19,19,19,19,19,19,19,19,19,19,19,19
56924323,0,1,2,2,2,2,2,2,2,2,2,2,2,2,14,14,14,14,14,14,12,12,12,12,12,12,12,12,12,12,12,12,12,12,12,12,12,12,12,12,12,12,12,12,12,12,12,12,12,12,12,12,12,12,10,10,10,10,10,10,10,10,10,10,10,10,10,10,10,10,10,10,10,10,10,10,10,10,10,10,10,10,10,10,10,10,10,10,10,10,10,10,10,10,10,10,10,10,10,10
69333422,0,0,1,1,3,3,1,7,7,7,1,1,1,1,1,1,16,16,16,16,1,1,1,1,24,24,24,24,24,29,29,29,29,29,29,29,29,29,29,29,29,41,41,41,41,41,41,41,41,41,41,41,41,41,28,28,28,28,28,28,28,28,28,28,28,28,28,28,28,28,28,28,28,28,28,28,28,28,28,28,28,28,28,28,28,28,28,28,28,28,28,28,28,28,28,28,28,28,28,28
83789755,0,1,2,3,3,3,3,7,7,7,7,7,7,7,7,7,7,7,7,7,8,8,8,8,8,8,8,8,8,8,8,8,8,8,8,8,8,8,8,8,8,8,8,24,24,24,24,8,8,8,8,8,8,8,19,19,19,19,19,19,19,19,19,19,19,19,19,19,19,19,19,19,19,19,19,19,19,19,19,19,19,19,19,19,19,19,19,19,19,19,19,19,19,19,19,19,19,19,19,19
95428182,0,1,2,3,3,3,3,7,7,7,7,7,7,7,7,7,7,7,7,7,20,20,20,20,24,24,20,20,24,24,24,24,24,24,24,24,24,24,24,24,24,24,24,24,24,24,24,24,24,24,24,24,24,24,19,19,19,19,19,19,19,19,19,19,19,19,19,19,19,19,19,19,19,19,19,19,19,19,19,19,19,19,19,19,19,19,19,19,19,19,19,19,19,19,19,19,19,19,19,19
103860943,0,1,2,3,3,3,3,2,2,2,2,7,7,2,2,2,7,7,18,18,8,8,20,20,20,20,20,20,20,20,20,20,20,20,20,20,20,20,20,20,20,20,20,43,43,43,43,43,43,43,43,43,43,43,16,16,16,16,16,16,16,16,16,16,16,16,16,16,16,16,70,70,70,70,70,70,70,70,70,70,70,70,70,70,70,70,70,70,70,70,70,70,70,70,70,70,70,70,70,99
111513530,0,1,2,3,3,3,3,7,7,7,7,7,7,7,7,7,7,7,7,7,20,20,20,20,24,24,24,24,24,24,24,24,24,24,24,24,24,24,24,24,24,24,24,24,24,24,24,24,24,24,24,24,24,24,13,13,13,13,13,13,13,13,13,13,13,13,13,13,13,13,13,13,13,13,13,13,13,13,13,13,13,13,13,13,13,13,13,13,13,13,13,13,13,13,13,13,13,13,13,13
115639136,0,1,2,2,2,2,2,7,7,7,7,7,7,7,7,7,7,7,7,7,17,17,17,17,17,17,17,17,17,17,17,17,17,17,17,17,17,37,37,37,37,37,37,37,37,37,37,37,37,37,37,37,37,37,43,43,43,43,43,43,43,43,43,43,43,43,43,43,43,43,43,43,43,43,43,43,43,43,43,43,43,43,43,43,43,85,85,85,85,85,85,85,85,85,85,85,85,85,85,85
117675818,0,1,2,2,2,2,2,7,7,7,7,7,7,7,7,7,7,7,7,7,2,2,2,2,24,24,24,24,24,24,24,24,24,24,24,24,24,24,24,24,24,24,42,42,42,42,42,42,42,42,42,42,42,42,19,19,19,19,19,59,59,59,59,59,59,59,59,59,59,59,59,59,59,59,59,59,59,59,59,59,59,59,59,59,59,59,59,59,59,59,59,59,59,59,59,59,59,59,59,59
121605673,0,1,2,3,3,3,3,7,7,7,7,7,7,7,7,7,7,7,18,18,8,8,8,8,24,24,24,24,24,24,24,24,24,24,24,24,24,24,24,24,24,24,24,24,24,24,24,24,24,24,24,24,24,24,19,19,19,19,19,19,19,19,19,19,19,19,19,19,19,19,19,19,19,19,19,19,19,19,19,19,19,19,19,19,19,19,19,19,19,19,19,19,19,19,19,19,19,19,19,19
133130219,0,1,2,3,3,3,3,2,8,8,8,8,8,8,8,8,8,8,8,8,14,14,14,14,14,14,14,14,14,14,14,14,14,14,14,14,14,14,14,14,14,14,14,14,14,14,14,14,14,14,14,14,14,14,6,6,6,6,6,6,6,6,6,6,6,6,6,6,6,6,6,6,6,6,6,6,6,6,6,6,6,6,6,6,6,6,6,6,6,6,6,6,6,6,6,6,6,6,6,6
134286190,0,1,2,3,3,5,5,7,7,7,7,7,7,7,7,7,7,17,17,17,3,3,3,3,3,3,3,3,3,3,3,3,3,3,3,3,3,3,3,3,3,3,3,3,3,3,3,3,3,3,3,3,3,3,5,5,5,5,5,5,5,5,5,5,5,5,5,5,5,5,5,5,5,5,5,5,5,5,5,5,5,5,5,5,5,5,5,5,5,5,5,5,5,5,5,5,5,5,5,5
136743465,0,1,2,3,3,3,3,7,7,7,7,7,7,7,7,7,7,7,18,18,8,8,8,8,24,24,24,24,28,28,28,28,28,28,28,28,28,28,28,28,28,28,28,28,28,28,28,28,28,28,28,28,28,28,9,9,9,9,9,9,9,9,9,9,9,9,9,9,9,9,9,9,9,9,9,9,9,9,9,9,9,9,9,9,9,9,9,9,9,9,9,9,9,9,9,9,9,9,9,9
141969940,0,1,2,3,3,3,3,7,7,7,7,7,7,7,7,7,7,7,7,7,8,8,8,8,24,24,24,24,24,24,24,24,24,24,24,24,24,24,24,24,24,24,24,24,24,24,24,24,24,24,24,24,24,24,19,19,19,19,19,19,19,19,19,19,19,65,65,65,65,65,65,65,65,65,65,65,65,65,65,65,65,65,65,65,65,65,65,65,65,65,65,65,65,65,65,65,65,65,65,65
175485704,0,1,1,1,1,1,1,7,7,7,1,1,1,1,1,1,1,1,1,1,1,1,1,1,1,1,1,1,1,1,1,1,1,1,1,1,1,1,1,1,1,1,1,1,1,1,1,1,1,1,1,1,1,1,19,19,19,19,19,19,19,19,19,19,19,19,19,19,19,19,19,19,19,19,19,19,19,19,19,19,19,81,81,81,81,81,81,81,81,81,81,81,81,81,81,81,81,81,81,81
196406165,0,1,2,3,3,3,3,7,7,7,7,7,7,7,7,7,7,7,7,7,20,20,20,20,20,20,20,20,20,20,20,20,20,20,20,20,20,20,20,20,20,20,20,20,20,20,20,20,20,20,20,20,20,20,16,16,16,16,16,16,16,16,16,16,16,16,16,16,16,16,16,16,16,16,16,16,16,16,16,16,16,16,16,16,16,16,16,16,16,16,16,16,16,16,16,16,16,16,16,16
227832999,0,1,2,3,3,3,3,2,2,2,2,2,2,2,2,2,2,2,2,2,2,2,2,2,2,2,2,2,2,2,2,2,2,2,2,2,2,2,2,2,2,2,2,2,2,2,2,2,2,2,2,2,2,2,1,1,1,1,1,1,1,1,1,1,1,1,1,1,1,1,1,1,1,1,1,1,1,1,1,1,1,1,1,1,1,1,1,1,1,1,1,1,1,1,1,1,1,1,1,1
228003844,0,1,2,2,2,2,2,2,2,2,2,2,2,2,2,2,2,2,18,18,8,8,8,8,8,8,8,8,8,8,8,8,8,8,8,8,8,8,8,8,8,8,8,8,8,8,8,8,48,48,48,48,48,48,20,20,20,20,20,20,20,20,20,20,20,20,20,20,20,20,20,20,20,20,20,20,20,20,20,20,20,20,20,20,20,20,20,20,20,20,20,20,20,20,20,20,20,20,20,20
229924287,0,1,2,3,3,3,3,2,2,2,2,2,2,2,2,2,2,2,2,2,20,20,20,20,20,20,20,20,20,20,20,20,20,20,20,20,20,20,20,20,20,20,20,43,43,43,43,43,43,43,43,43,43,43,16,16,16,16,19,19,19,19,19,19,19,19,19,19,19,19,70,70,70,70,70,70,70,70,70,70,70,70,70,70,70,70,70,70,70,70,70,70,70,70,70,70,70,70,70,70
231010577,0,1,2,2,2,2,2,2,2,2,2,2,2,2,2,2,2,2,2,2,2,2,2,2,24,24,24,24,24,24,24,24,24,24,24,24,24,24,24,24,24,24,24,24,24,24,24,24,24,24,24,24,24,24,19,19,19,19,19,19,19,19,19,19,19,19,19,19,19,19,19,19,19,19,19,19,19,19,19,19,19,19,82,82,82,82,82,82,82,82,82,82,82,82,82,82,82,82,82,82
243731357,0,1,2,3,3,3,3,7,7,7,7,7,7,7,7,7,7,7,7,7,20,20,20,20,24,24,24,24,24,24,24,24,24,24,24,24,24,24,24,24,24,24,24,24,24,24,24,24,24,24,24,24,24,24,54,54,54,54,54,54,54,54,54,54,54,54,54,54,54,54,54,54,54,54,54,54,54,54,54,54,54,54,54,54,54,54,54,54,54,54,54,54,54,54,54,54,54,54,54,54
258868844,0,0,0,0,0,0,0,7,7,7,7,7,7,7,7,7,7,7,7,7,20,20,22,22,22,22,22,22,22,22,22,22,22,22,22,22,22,22,22,22,22,22,22,22,22,22,22,22,22,22,22,22,22,22,18,18,18,18,18,18,18,18,18,18,18,18,18,18,18,18,18,18,18,18,18,18,18,18,18,18,18,18,18,18,18,18,18,18,18,18,18,18,18,18,18,18,18,18,18,18
263583866,0,1,2,3,3,3,3,7,7,7,7,7,7,7,7,7,7,7,18,18,8,8,8,8,24,24,24,24,24,24,24,24,24,24,24,24,24,24,24,24,24,24,24,24,24,24,24,24,24,24,24,24,24,24,19,19,19,19,19,19,19,19,19,19,19,19,19,19,19,19,19,19,19,19,19,19,19,19,19,19,19,19,19,19,19,19,19,19,19,19,19,19,19,19,94,94,94,94,94,94
266566927,0,1,2,3,3,3,3,7,7,7,7,7,7,7,7,7,16,16,16,16,20,20,20,20,24,24,24,24,24,29,29,29,29,29,29,29,29,29,29,29,29,29,29,29,29,29,29,29,29,29,29,29,29,29,19,19,19,19,19,19,19,19,19,19,19,19,66,66,66,66,66,66,66,66,66,66,66,66,66,66,66,66,66,66,66,66,66,66,66,66,66,66,66,66,66,66,66,66,66,66
266825034,0,1,2,3,3,3,3,7,7,7,1,1,1,1,1,1,1,1,1,1,20,20,20,20,24,24,24,24,24,24,24,31,31,31,31,31,31,31,31,31,31,31,31,31,31,31,31,31,31,31,31,31,31,31,19,19,19,19,19,19,19,19,19,19,64,64,64,64,64,64,64,64,64,64,64,64,64,64,64,64,64,64,64,64,64,64,64,64,64,64,64,64,64,64,64,64,64,64,64,64
280496925,0,1,2,3,3,3,3,2,2,9,9,9,9,9,9,9,9,9,9,9,13,13,13,13,13,13,13,13,13,13,13,13,13,13,13,13,13,13,13,13,13,13,13,13,13,13,13,13,13,13,13,13,13,13,21,21,21,21,21,21,21,21,21,21,21,21,21,21,21,21,21,21,21,21,21,21,21,21,21,21,21,21,21,21,21,21,21,21,21,21,21,21,21,21,21,21,21,21,21,21
345332937,0,0,2,3,3,3,3,4,4,4,4,4,4,4,4,4,4,4,4,4,10,10,10,10,10,10,10,10,10,10,10,10,10,10,10,10,10,10,10,10,10,10,10,10,10,10,10,10,10,10,10,10,10,10,11,11,11,11,11,11,11,11,11,11,11,11,11,11,11,11,11,11,11,11,11,11,11,11,11,11,11,11,11,11,11,11,11,11,11,11,11,11,11,11,11,11,11,11,11,11
358267047,0,1,2,3,3,3,3,2,2,2,2,2,2,2,2,2,2,2,2,2,20,20,20,20,20,20,20,20,20,20,20,20,20,20,20,20,20,20,20,20,20,20,20,20,20,20,20,20,20,20,20,20,20,20,48,48,48,48,48,48,48,48,48,48,48,48,48,48,48,48,48,48,48,48,48,48,48,48,48,48,48,48,48,48,48,48,48,48,48,48,48,48,48,48,48,48,48,48,48,48
368586246,0,1,2,3,3,3,3,2,2,2,2,2,2,2,2,2,2,2,2,2,20,20,20,20,20,20,20,20,20,20,20,20,20,20,20,20,20,20,20,20,20,20,20,43,43,43,43,43,43,43,43,43,43,43,16,16,16,16,16,16,16,16,16,16,16,16,16,16,16,16,70,70,70,70,70,70,70,70,70,70,70,70,70,70,70,70,70,70,70,70,70,70,70,70,70,70,70,70,70,70
445337908,0,1,2,2,2,2,2,7,2,2,2,2,2,2,2,2,2,2,2,2,2,2,2,2,24,24,24,24,24,24,24,24,24,24,24,24,24,24,24,24,24,24,24,24,24,24,24,24,24,24,24,24,24,24,19,19,19,19,19,19,19,19,19,19,19,19,19,19,19,19,19,19,19,19,19,19,19,19,19,19,19,19,19,19,19,19,19,19,19,19,19,19,19,19,19,19,19,19,19,19
606178500,0,1,2,3,3,3,3,7,7,7,7,7,7,7,7,7,7,7,7,7,8,8,8,8,24,24,24,24,24,24,24,24,24,24,24,24,24,24,24,24,24,24,24,24,24,45,45,45,45,45,45,45,45,45,42,42,42,42,42,42,42,42,42,42,42,42,42,42,42,42,42,42,42,42,42,42,42,42,42,42,42,42,42,42,42,42,42,42,42,42,42,42,42,42,42,42,42,42,42,42
634823509,0,1,1,1,1,1,1,6,6,6,6,6,6,6,6,6,6,6,6,6,5,5,5,5,5,5,5,5,5,5,5,5,5,5,5,5,5,5,5,5,5,5,5,5,5,5,5,5,5,5,5,5,5,5,4,4,4,4,4,4,4,4,4,4,4,4,4,4,4,4,4,4,4,4,4,4,4,4,4,4,4,4,4,4,4,4,4,4,4,4,4,4,4,4,4,4,4,4,4,4
658723396,0,1,2,3,3,3,3,7,7,7,7,7,7,7,7,7,7,7,7,7,20,20,20,20,20,20,20,20,20,20,20,20,20,20,20,20,20,20,20,20,20,20,20,20,20,20,20,20,20,20,20,20,20,20,16,16,16,16,16,16,16,16,16,16,16,16,16,16,16,16,16,16,16,16,16,16,16,16,16,16,16,16,16,16,16,16,16,16,16,16,16,16,16,16,16,16,16,16,16,16
705356075,0,1,2,3,3,3,3,7,7,7,7,7,7,7,7,15,15,15,15,15,20,20,20,20,20,20,20,20,20,20,20,20,20,20,20,20,20,20,20,20,20,20,20,20,20,20,20,20,20,20,20,20,20,20,14,14,14,14,14,14,14,14,14,14,14,14,14,14,14,14,14,14,14,14,14,14,14,14,14,14,14,14,14,14,14,14,14,14,14,14,14,14,14,14,14,14,14,14,14,14
805229245,0,1,2,3,3,3,3,2,2,2,2,2,2,2,2,2,2,2,2,2,20,20,20,20,20,20,20,27,27,27,27,27,27,27,27,27,27,27,27,27,27,27,27,27,27,27,27,27,27,27,27,27,27,27,52,52,52,52,52,52,52,52,52,52,52,52,52,52,52,52,52,52,52,52,52,52,52,52,52,52,52,52,52,52,52,52,52,52,52,52,52,52,52,52,52,52,52,52,52,52
844454682,0,1,2,2,2,2,2,7,7,7,7,7,7,7,7,7,7,7,7,7,17,17,17,17,17,17,17,17,17,17,17,17,17,17,17,17,17,17,17,17,17,17,17,17,17,17,17,17,17,17,17,17,17,17,43,43,43,43,43,43,43,43,43,43,43,43,43,43,43,43,43,43,43,43,43,43,43,43,43,43,43,43,43,43,43,43,43,43,43,43,43,43,43,43,43,43,43,43,43,43
857299959,0,0,0,0,0,0,6,5,5,5,5,5,5,5,5,5,5,5,5,5,4,4,4,4,4,4,4,4,4,4,4,4,4,4,4,4,4,4,4,4,4,4,4,4,4,4,4,4,4,4,4,4,4,4,3,3,3,3,3,3,3,3,3,3,3,3,3,3,3,3,3,3,3,3,3,3,3,3,3,3,3,3,3,3,3,3,3,3,3,3,3,3,3,3,3,3,3,3,3,3
935210241,0,1,2,3,3,3,3,7,7,7,7,7,7,7,7,7,7,7,7,7,20,20,20,20,24,24,24,24,24,24,24,24,24,24,24,24,24,24,24,24,24,24,24,24,24,24,24,24,24,24,24,24,24,24,19,19,19,19,19,19,19,19,19,19,19,19,19,19,19,19,19,19,19,19,19,19,19,19,19,19,19,19,19,83,83,83,83,83,83,83,83,83,83,83,83,83,83,83,83,83
974774701,0,1,2,3,3,3,3,2,2,2,2,2,2,2,2,2,2,2,2,2,20,20,20,20,20,20,20,20,28,28,28,28,28,28,28,28,28,28,28,28,28,28,28,28,28,28,28,28,28,28,28,28,28,28,9,9,9,9,9,9,9,9,9,9,9,9,9,9,9,9,9,9,9,9,9,9,9,9,9,9,9,9,9,9,9,9,9,87,87,87,87,87,87,87,87,87,87,87,87,87
1014822088,0,1,2,3,3,3,3,7,7,7,7,7,7,7,7,7,16,16,16,16,20,20,20,20,24,24,24,24,24,29,29,29,29,29,29,29,29,29,29,29,29,29,29,29,29,29,29,29,29,29,29,29,29,29,19,19,19,19,19,19,19,19,19,19,19,19,66,66,66,66,66,66,66,66,66,66,66,66,66,66,66,66,66,66,66,66,66,66,66,66,66,66,66,66,66,66,66,66,66,66
1093227543,0,0,2,3,3,3,3,7,7,7,7,7,7,7,7,7,7,7,7,7,20,20,20,20,24,24,24,24,24,24,24,24,24,24,24,24,24,24,24,24,24,24,24,24,24,24,24,24,24,24,24,24,24,24,8,8,8,8,8,8,8,8,8,8,8,8,8,8,8,8,8,8,8,8,8,8,8,8,8,8,8,8,8,8,8,8,8,8,8,8,8,8,8,8,8,8,8,8,8,8
1129235875,0,1,2,3,3,3,3,7,7,7,7,7,7,7,7,7,7,7,7,7,8,8,8,8,8,8,8,8,8,8,8,8,8,8,8,8,8,8,8,8,8,8,8,8,8,8,8,8,8,8,8,8,8,8,47,47,47,47,47,47,47,47,47,47,47,47,47,47,47,47,47,47,47,47,47,47,47,47,47,47,47,47,47,47,47,47,47,47,47,47,47,47,47,47,47,47,47,47,47,47
1143359956,0,0,1,3,3,3,0,0,0,0,0,0,0,0,0,0,0,0,0,0,0,0,0,0,0,0,0,0,0,0,0,0,0,0,0,0,0,0,0,0,0,0,0,0,0,0,0,0,0,0,0,0,0,0,0,0,0,0,0,0,0,0,0,0,0,0,0,0,0,0,0,0,0,0,0,0,0,0,0,0,0,0,0,0,0,0,0,0,0,0,0,0,0,0,0,0,0,0,0,0
1168783207,0,1,2,3,3,3,3,7,7,7,7,7,7,7,7,7,7,7,18,18,8,8,8,8,24,24,24,24,24,24,24,24,24,24,24,24,24,24,24,24,24,24,24,24,24,24,24,24,24,24,24,24,24,24,38,38,38,38,38,38,38,38,38,38,38,38,38,38,38,38,38,38,38,38,38,38,38,38,38,38,38,38,38,38,38,38,38,38,38,38,38,38,38,38,38,38,38,38,38,38
1183148438,0,1,2,2,2,2,2,7,7,7,7,7,7,7,7,7,7,7,7,7,8,8,8,8,24,24,24,24,24,24,24,24,24,24,24,24,24,24,24,24,24,24,24,24,24,24,24,24,24,24,24,24,24,24,19,19,19,19,19,19,19,19,19,19,19,19,19,19,19,19,19,19,19,19,19,19,19,19,19,19,19,19,19,19,19,19,19,19,19,19,19,19,19,19,19,19,19,19,19,19
1219205895,0,1,2,3,3,3,3,7,7,7,7,7,7,7,7,7,7,7,7,7,8,8,8,8,24,24,24,24,24,24,24,24,24,24,24,24,24,24,24,24,24,24,24,24,24,24,24,24,24,24,24,24,24,24,19,19,19,19,19,19,19,19,19,19,19,19,19,19,19,19,19,19,19,19,19,19,19,19,19,19,19,19,19,19,19,19,19,19,19,19,19,19,19,19,19,19,19,97,97,97
1448163866,0,1,2,3,3,3,3,2,2,2,2,2,2,2,2,2,2,2,2,2,20,20,20,20,20,20,20,20,20,20,20,20,20,20,20,20,20,20,20,20,20,20,20,43,43,43,43,43,43,43,43,51,51,51,16,16,16,16,58,58,58,58,58,58,58,58,58,58,58,58,58,58,58,58,58,58,58,58,58,58,58,58,58,58,58,58,58,58,58,58,58,58,58,58,58,58,58,58,58,58
1573178251,0,1,1,3,3,3,3,7,7,7,7,7,7,7,7,7,16,16,16,16,11,11,11,11,11,11,11,11,11,11,11,11,11,11,11,11,36,36,36,36,36,36,36,36,36,36,36,36,36,36,36,36,36,36,53,53,53,53,53,53,53,53,53,53,53,53,53,53,53,53,53,53,53,53,53,53,53,53,53,53,53,53,53,53,53,53,53,53,53,53,53,53,53,53,53,53,53,53,53,53
1586552873,0,1,2,3,3,3,3,2,2,2,2,2,2,2,2,2,2,2,2,2,20,20,20,20,20,20,26,26,26,26,26,26,26,26,26,26,26,26,26,26,26,26,26,26,26,26,26,26,26,26,26,26,26,26,30,30,30,30,30,30,30,30,30,30,30,30,30,30,30,30,30,30,30,30,30,30,30,30,30,30,30,30,30,30,30,30,30,30,30,30,30,30,30,30,30,30,30,30,30,30
1755471110,0,1,2,3,3,3,3,7,7,7,7,7,7,7,7,7,7,7,18,18,8,8,8,8,24,25,25,25,25,25,25,25,25,25,25,25,25,25,25,25,25,25,25,25,25,25,25,25,25,25,25,25,25,25,17,17,17,17,17,17,17,17,17,17,17,17,17,17,17,17,17,17,17,17,17,17,17,17,17,17,17,17,17,17,17,17,17,17,17,17,17,17,17,17,17,17,17,17,17,17
1826257634,0,1,2,3,3,3,3,7,7,7,7,7,7,7,7,7,7,7,18,18,8,8,8,8,24,24,24,24,28,28,28,28,28,28,28,28,28,28,28,28,28,28,28,28,28,28,28,28,28,28,28,28,28,28,9,9,9,9,9,9,9,9,9,9,9,9,9,9,9,9,9,9,9,9,9,9,9,9,9,9,9,9,9,9,9,9,9,9,9,9,9,9,9,9,9,9,9,9,9,9
1880409118,0,1,2,3,3,3,3,2,2,2,2,2,2,2,2,2,2,2,18,18,20,20,20,20,24,24,24,24,24,24,24,24,24,24,24,24,24,24,24,24,24,24,24,24,24,24,24,24,24,24,24,24,24,24,19,19,19,19,19,19,19,19,19,19,19,19,19,19,68,68,68,68,68,68,68,68,68,68,68,68,68,68,68,68,68,68,68,68,68,68,68,68,68,68,68,68,68,68,68,68
2011147642,0,1,1,1,1,1,1,7,7,7,7,7,7,7,7,7,7,7,7,7,8,8,8,8,24,24,24,24,24,24,24,24,24,24,24,24,24,24,24,24,24,24,24,24,24,24,24,24,24,24,24,24,24,24,19,19,19,19,19,19,19,19,19,19,19,19,19,19,19,19,19,19,19,19,19,19,76,76,76,76,76,76,76,76,76,76,76,76,76,76,76,76,76,76,76,76,76,76,76,76
2147609712,0,1,2,2,2,2,2,2,2,2,2,2,2,2,2,2,2,2,18,18,8,8,8,8,8,8,8,8,8,8,8,8,8,8,8,8,8,8,8,8,8,8,8,43,43,43,43,43,43,43,50,50,50,50,22,22,22,22,22,22,22,22,22,22,22,22,22,22,22,22,22,22,22,22,22,22,22,22,22,22,22,22,22,22,22,22,22,22,22,22,22,22,22,22,22,22,22,22,22,22
2147609754,0,1,2,3,3,3,3,2,2,2,2,2,2,2,2,2,2,2,2,2,20,20,20,20,20,20,20,20,20,20,20,20,20,20,20,20,20,20,20,20,20,20,20,43,43,43,43,43,43,43,43,43,43,43,16,16,16,16,16,16,16,16,16,16,16,16,16,16,16,16,70,70,70,70,70,70,70,70,70,70,70,70,70,70,70,70,70,70,70,70,70,70,70,70,70,70,70,70,70,70
2147609766,0,1,2,3,3,3,3,7,7,7,7,7,7,7,7,7,7,7,7,7,20,20,8,8,24,24,24,24,24,24,24,24,24,24,24,24,24,24,24,24,24,24,24,24,24,24,24,24,24,24,24,24,24,24,19,19,19,19,19,19,19,19,19,19,19,19,19,19,19,19,19,19,19,19,19,19,19,19,19,19,19,19,19,19,19,19,19,19,19,19,19,19,19,19,19,19,19,19,19,19
2147609774,0,1,2,3,3,3,3,7,7,7,7,7,7,7,7,7,7,7,7,7,8,8,8,8,24,24,24,24,24,24,24,24,24,24,24,24,24,24,24,24,24,24,24,24,24,24,24,24,24,24,24,24,24,24,19,19,19,19,19,19,19,19,19,19,19,19,19,19,19,19,19,19,19,19,19,19,19,19,19,19,19,19,19,19,19,19,19,19,19,19,19,19,92,92,92,92,92,92,92,92
2147609785,0,1,2,3,3,3,3,7,7,7,7,7,7,7,7,7,7,7,7,7,20,20,20,20,24,24,24,24,24,24,24,24,24,24,24,24,24,24,24,24,24,24,24,24,24,24,24,24,24,24,24,24,24,24,19,19,19,19,19,19,19,19,19,19,19,19,19,19,19,19,19,19,19,19,19,19,19,19,19,19,19,19,19,19,19,19,19,19,19,19,19,19,19,19,19,19,19,19,19,19
2147609789,0,1,2,3,3,3,3,7,7,7,7,7,7,7,7,7,7,7,7,7,20,20,20,20,24,24,24,24,24,24,24,24,24,24,24,24,24,24,24,24,24,24,24,24,24,24,24,24,24,24,24,24,24,24,19,19,19,57,57,57,57,57,57,57,57,57,57,57,57,57,57,57,57,57,57,57,57,57,57,57,57,57,57,57,57,57,57,57,57,57,57,57,57,57,57,57,57,57,57,57
2147609816,0,1,2,3,3,3,3,2,2,2,2,2,2,2,2,2,2,2,2,2,20,20,20,20,20,20,20,20,20,20,20,20,20,20,20,20,20,20,20,20,20,20,20,20,20,20,20,20,20,20,20,20,20,20,16,16,16,16,16,16,16,16,16,16,16,16,16,16,16,16,16,16,16,16,16,16,16,16,16,16,16,16,16,16,16,16,16,16,16,16,16,16,16,16,16,16,16,16,16,16
2147609835,0,1,2,3,3,3,3,7,7,7,7,7,7,7,7,7,7,7,7,7,20,20,20,20,24,24,24,24,24,24,24,24,24,24,24,24,24,24,24,24,24,24,24,24,24,24,24,24,24,24,24,24,24,24,19,19,19,19,19,19,19,19,19,19,19,19,19,19,19,19,19,19,19,19,19,19,19,19,19,19,19,19,19,19,19,19,19,19,19,19,19,19,19,19,19,19,19,19,19,19
2147609840,0,1,2,3,3,3,3,7,7,7,7,7,7,7,7,7,7,7,7,7,8,8,8,8,24,24,24,24,24,24,24,24,24,24,24,24,24,24,24,24,24,24,24,24,24,24,24,24,24,24,24,24,24,24,19,19,19,19,19,19,19,19,19,19,19,19,19,19,19,19,19,19,19,19,19,19,19,19,19,19,19,19,19,19,19,19,19,19,19,19,19,19,19,19,19,19,19,19,19,19
2147609858,0,1,2,3,3,3,3,7,7,7,7,7,7,7,7,7,7,7,7,7,8,8,8,8,24,24,24,24,24,24,24,24,24,24,24,24,24,24,24,24,24,24,24,24,24,24,24,24,24,24,24,24,24,24,19,19,19,19,19,19,19,19,19,19,19,19,19,19,19,19,19,19,19,19,19,19,19,19,19,19,80,80,80,80,80,80,80,80,80,80,80,80,80,80,80,80,80,80,80,80
2147609929,0,1,2,3,3,3,3,7,7,7,7,7,7,7,7,7,7,7,7,7,20,20,20,20,24,24,24,24,24,24,24,24,24,24,24,24,24,24,24,24,24,24,24,24,24,24,24,24,24,24,24,24,24,24,19,19,19,19,19,19,19,19,19,19,19,19,19,19,19,19,19,19,19,19,19,19,19,19,19,19,19,19,19,19,19,19,19,19,19,19,19,19,19,19,19,19,19,19,19,19
2157930553,0,1,2,3,3,3,3,7,7,7,7,7,7,7,7,7,7,7,7,7,8,8,8,8,24,24,24,24,24,24,24,24,24,24,24,24,24,24,24,24,24,24,24,24,24,24,24,24,24,24,24,24,24,24,19,19,19,19,19,19,19,19,19,19,19,19,19,19,19,19,19,19,19,19,19,19,19,19,19,19,19,19,19,19,19,19,19,19,19,19,19,19,19,19,19,19,96,96,96,96
2195921577,0,1,2,3,3,3,3,2,2,2,2,2,2,2,2,2,2,2,2,2,20,20,20,20,20,20,20,20,20,20,20,20,20,20,20,20,20,20,20,20,20,20,20,20,20,20,20,20,20,20,20,20,20,20,16,16,16,16,16,16,16,16,16,16,16,16,16,16,16,16,16,16,16,16,16,16,16,16,16,16,16,16,16,16,16,16,16,16,16,16,16,16,16,16,16,16,16,16,16,16
2234533717,0,1,1,1,1,1,1,7,7,7,1,1,1,1,1,1,1,1,1,1,1,1,1,1,1,1,1,1,1,1,1,1,1,1,1,1,1,1,1,1,1,1,1,1,1,1,1,1,1,1,1,1,1,1,19,19,19,19,19,19,19,19,19,19,19,19,19,19,19,19,19,19,19,19,19,19,19,19,19,19,19,81,81,81,81,81,81,81,81,81,81,81,81,81,81,81,81,81,81,81
2269442456,0,1,1,1,1,1,1,7,7,7,1,1,1,1,1,1,1,1,1,1,1,1,1,1,1,1,1,1,1,1,1,1,1,1,1,1,1,1,1,1,1,1,1,1,1,1,1,1,1,1,1,1,1,1,19,19,19,19,19,19,19,61,61,61,61,61,61,61,61,61,61,61,61,61,61,61,61,61,61,61,61,61,61,61,61,61,61,61,61,61,61,61,61,61,61,61,61,61,61,61
2314566469,0,1,2,3,3,3,3,7,7,7,7,7,7,7,7,7,7,7,7,7,8,8,8,8,24,24,24,24,28,28,28,28,28,28,28,28,28,28,28,28,28,28,28,28,28,28,28,28,28,28,28,28,28,28,9,9,9,9,9,9,9,9,9,9,9,9,9,9,9,9,9,9,9,9,9,9,9,9,9,9,9,9,9,9,9,9,9,9,9,9,9,9,9,9,9,9,9,9,98,98
2372177891,0,1,2,3,3,3,3,2,2,2,2,2,2,2,2,2,2,2,18,18,8,8,8,8,20,20,20,20,28,28,28,28,28,28,28,28,28,28,28,28,28,28,28,28,28,28,28,28,28,28,28,28,28,28,9,9,9,9,9,9,9,9,9,9,9,9,9,9,9,9,9,9,9,9,9,9,9,9,9,9,9,9,9,9,9,9,9,9,9,9,9,9,9,9,9,9,9,9,9,9
2404832493,0,0,1,3,3,3,0,7,7,7,7,7,7,7,7,7,7,7,7,7,0,0,0,0,0,0,0,0,0,0,0,0,0,33,33,33,33,33,33,33,33,33,33,33,33,33,33,33,33,33,33,33,33,33,49,49,49,49,49,49,49,49,49,49,49,49,49,49,49,49,49,49,49,49,49,49,49,49,49,49,49,49,49,49,49,49,49,49,49,49,49,49,49,49,49,49,49,49,49,49
2428973832,0,1,2,3,3,3,3,7,7,7,7,7,7,7,7,7,7,7,7,7,20,20,20,20,24,24,20,20,24,24,24,24,24,24,24,24,24,24,38,38,38,38,38,38,38,38,38,38,38,38,38,38,38,38,32,32,32,32,32,32,32,32,32,32,32,32,32,32,32,32,32,32,32,32,32,32,32,32,32,32,32,32,32,32,32,32,32,32,32,32,32,32,32,32,32,32,32,32,32,32
2457183642,0,1,2,3,3,3,3,2,2,2,2,2,2,2,2,2,2,2,2,2,20,20,20,20,20,20,20,20,20,20,20,20,20,20,20,20,20,20,20,20,20,20,20,43,43,43,43,43,43,43,43,43,43,43,19,19,19,19,19,19,19,19,19,19,19,19,19,19,19,69,69,69,69,69,69,69,69,69,69,69,69,69,69,69,69,69,69,69,69,69,69,69,69,69,69,69,69,69,69,69
2558399667,0,1,2,3,3,3,3,2,2,2,2,2,2,2,2,2,2,2,2,2,20,20,20,20,8,8,8,8,8,8,8,8,8,8,8,8,8,8,8,8,8,8,8,8,8,8,8,8,8,8,8,8,8,8,19,19,19,19,19,19,19,19,19,19,19,19,19,19,19,19,70,70,70,70,70,70,70,70,70,70,70,70,70,70,70,70,70,70,70,70,70,91,91,91,91,91,91,91,91,91
2735151240,0,1,2,3,3,3,3,7,7,7,7,7,7,7,7,7,2,2,18,18,20,20,20,20,24,24,24,24,24,24,24,24,24,24,24,24,24,24,24,24,24,24,24,24,24,24,24,24,24,24,24,24,52,52,8,55,55,55,55,55,55,55,55,55,55,55,55,55,55,55,55,55,55,55,55,55,55,55,55,55,55,55,55,55,55,55,55,55,55,55,55,55,55,55,55,55,55,55,55,55
2737009242,0,1,2,3,3,3,3,7,7,7,7,7,7,7,7,7,7,7,18,18,8,8,8,8,24,24,24,24,24,24,24,24,24,24,24,24,24,24,24,24,24,24,24,24,24,24,24,24,24,24,24,24,24,24,19,19,19,19,19,19,19,19,19,19,19,19,19,19,19,19,19,19,19,19,19,19,19,19,19,19,19,19,19,19,19,19,19,19,19,19,19,19,19,19,19,19,19,19,19,19
2747409392,0,1,2,3,3,3,3,2,2,2,2,2,2,2,2,2,2,2,18,18,20,20,20,20,20,20,20,20,20,20,20,20,20,20,20,20,20,20,20,20,20,20,20,20,20,20,20,20,20,20,20,20,20,20,16,16,16,16,16,16,16,16,16,16,16,16,16,16,16,16,16,16,16,16,16,16,16,77,77,77,77,77,77,77,77,77,77,77,77,77,77,77,77,77,77,77,77,77,77,77
2748500131,0,1,2,2,2,2,2,2,2,2,2,2,2,2,2,2,2,2,2,2,2,2,2,2,2,2,2,2,2,2,2,2,2,2,2,2,2,2,2,2,2,2,2,43,43,43,43,43,43,43,43,43,43,43,1,1,1,1,1,1,1,1,1,1,1,1,1,1,1,1,70,70,70,70,70,70,70,70,70,70,70,70,70,70,70,70,70,70,70,70,70,70,70,70,70,70,70,70,70,70
2790549389,0,1,2,3,3,3,3,7,7,7,7,7,7,7,7,7,7,7,7,7,20,20,20,20,24,24,24,24,24,24,24,24,24,24,24,24,24,24,24,24,24,24,24,24,24,24,24,24,24,24,24,24,24,24,19,19,19,19,19,19,19,19,19,19,19,19,19,19,19,19,19,19,19,19,19,19,19,19,19,19,19,19,19,19,19,19,19,19,19,19,19,19,19,19,19,19,19,19,19,19
2796728000,0,0,1,2,2,2,2,2,2,2,2,2,2,2,2,2,2,2,2,2,2,2,2,2,2,2,2,2,2,2,2,2,2,2,2,2,2,2,2,2,2,2,2,2,2,2,2,2,2,2,2,2,2,2,40,40,40,40,40,40,40,40,40,40,40,40,40,40,40,40,40,40,40,40,40,40,40,40,40,40,40,40,40,40,40,40,40,40,40,40,40,40,40,40,40,40,40,40,40,40
2826285517,0,1,2,3,3,3,3,7,7,7,7,7,7,7,7,7,7,7,7,7,20,20,20,20,24,24,24,24,24,24,24,24,24,24,24,24,24,24,24,24,24,24,24,24,24,24,24,24,24,24,24,24,24,24,19,19,19,19,19,19,19,19,19,19,19,19,19,19,19,19,19,19,19,19,19,19,19,19,19,19,19,19,19,19,19,19,19,19,19,19,19,19,19,19,19,19,19,19,19,19
2838336689,0,1,2,3,3,3,3,7,7,7,7,7,7,7,7,7,7,7,18,18,20,20,20,20,24,24,24,24,28,28,28,28,28,28,28,28,28,28,28,28,28,28,28,28,28,28,28,28,28,28,28,28,28,28,9,9,9,9,9,9,9,9,9,9,9,9,9,9,9,9,9,9,9,9,9,9,9,9,9,9,9,9,9,9,84,84,84,84,84,84,84,84,84,84,84,84,84,84,84,84
2914254129,0,1,2,3,3,3,3,2,2,2,2,2,2,2,2,2,2,2,2,2,20,20,20,20,20,20,20,20,20,20,20,20,20,20,20,20,20,20,20,20,20,20,20,20,20,20,20,20,20,20,20,20,20,20,16,16,16,16,16,16,16,16,16,16,16,16,16,16,16,16,16,16,16,16,16,16,16,16,16,16,16,16,16,16,16,16,16,16,16,16,16,16,16,93,93,93,93,93,93,93
2920450495,0,1,2,3,3,3,3,7,7,7,7,7,7,7,7,7,7,7,18,18,8,8,8,8,8,8,8,8,8,8,8,8,8,8,8,8,8,8,8,39,39,39,39,39,39,39,39,39,39,39,39,39,39,39,33,33,33,33,33,33,33,33,33,33,33,33,33,33,33,33,33,33,33,33,33,33,33,33,33,33,33,33,33,33,33,33,33,33,33,33,33,33,33,33,33,33,33,33,33,33
2934066464,0,1,2,2,2,2,2,7,7,7,7,7,7,7,7,7,7,7,7,7,20,20,20,20,24,24,24,24,24,24,24,24,24,24,24,24,24,24,24,24,24,24,24,24,24,24,24,24,24,24,24,24,24,24,19,19,19,19,19,19,19,19,19,19,19,19,19,19,19,19,19,19,19,19,19,19,19,19,19,19,19,19,19,19,19,19,19,19,19,19,19,19,19,19,19,19,19,19,19,19
2954591060,0,1,1,3,3,3,3,7,7,7,7,7,12,12,12,12,12,12,12,12,9,9,9,9,9,9,9,9,9,9,9,9,9,9,9,9,9,9,9,9,9,9,9,9,9,9,9,9,9,9,9,9,9,9,35,35,35,35,35,35,35,35,35,35,35,35,35,35,35,35,35,35,35,35,35,35,35,35,35,35,35,35,35,35,35,35,35,35,35,35,35,35,35,35,35,35,35,35,35,35
2957460032,0,1,2,3,3,3,3,7,7,7,7,7,7,7,7,7,7,7,18,18,8,8,8,8,20,20,20,20,28,28,28,28,28,28,28,28,28,28,28,28,28,28,28,28,28,28,28,28,28,28,28,28,28,28,9,9,9,9,9,9,9,9,9,9,9,9,9,9,9,9,9,9,9,9,9,9,9,9,9,9,9,9,9,9,9,9,9,9,9,9,9,9,9,9,9,9,9,9,9,9
2974397965,0,1,2,3,3,3,3,7,7,7,7,7,7,7,7,7,16,16,16,16,11,11,11,11,11,11,11,11,11,29,29,29,29,29,29,29,29,29,29,29,29,29,29,29,29,29,29,29,29,29,29,29,29,29,16,16,16,16,16,16,16,16,16,16,16,16,66,66,66,66,66,66,66,66,66,66,66,66,66,66,66,66,66,66,66,66,66,66,66,66,66,66,66,66,66,66,66,66,66,66
2987175317,0,0,1,2,2,2,2,1,1,1,10,10,10,10,10,10,10,10,10,10,16,16,16,16,16,16,16,16,16,16,16,16,32,32,32,32,32,32,32,32,32,32,32,32,32,32,32,32,32,32,32,32,32,32,26,26,26,26,26,26,26,26,26,26,26,26,26,26,26,26,26,26,26,26,26,26,26,26,26,26,26,26,26,26,26,26,26,26,26,26,26,26,26,26,26,26,26,26,26,26
2989631782,0,1,2,3,3,3,3,7,7,2,2,2,2,2,2,2,2,2,2,2,20,20,20,20,24,24,24,24,24,24,24,24,24,24,34,34,34,34,34,34,34,34,34,34,34,34,34,34,34,34,34,34,34,34,36,36,36,36,36,36,36,36,36,36,36,36,36,36,36,36,36,36,36,36,36,36,36,36,36,36,36,36,36,36,36,36,36,36,36,36,36,36,36,36,36,36,36,36,36,36
3018278978,0,1,2,3,3,3,3,7,7,7,7,7,7,7,7,7,7,7,7,7,8,8,8,8,24,24,24,24,24,24,24,24,24,24,24,24,24,24,24,24,24,24,24,24,24,24,24,24,24,24,24,24,24,24,19,19,19,19,19,19,19,19,19,19,19,19,19,19,19,19,19,19,19,19,19,19,19,19,19,19,19,19,19,19,19,19,19,19,19,19,19,19,19,19,19,19,19,19,19,19
3040487795,0,1,2,3,3,3,3,7,7,7,7,7,7,7,7,7,16,16,16,16,8,8,8,8,24,24,24,24,24,24,24,24,24,24,24,24,24,24,24,24,24,24,24,24,24,24,24,24,24,24,24,24,24,24,19,19,19,19,19,19,19,19,19,19,19,19,66,66,66,66,19,19,19,19,19,19,19,19,19,19,19,19,19,19,19,19,19,19,19,19,19,19,19,19,19,19,19,19,19,19
3045980831,0,0,1,1,1,1,1,1,1,1,1,1,1,1,1,1,1,1,1,1,19,19,19,19,19,19,19,19,19,19,19,19,19,19,19,19,19,19,19,19,19,19,19,19,19,19,19,19,19,19,19,19,19,19,23,23,23,23,23,23,23,23,23,23,23,23,23,23,23,23,23,23,23,23,23,23,23,23,23,23,23,23,23,23,23,23,23,23,23,23,23,23,23,23,23,23,23,23,23,23
3075721793,0,0,1,1,1,1,1,1,1,1,1,1,1,1,1,1,1,1,1,1,15,15,15,15,15,15,15,15,15,15,15,15,15,15,15,15,15,15,15,15,15,15,15,15,15,15,15,15,15,15,15,15,15,15,15,15,15,15,15,15,15,15,15,15,15,15,15,15,15,15,15,15,15,15,15,15,15,15,15,15,15,15,15,15,15,15,15,15,15,15,15,15,15,15,15,15,15,15,15,15
3117273910,0,1,2,3,3,3,3,7,7,7,7,7,7,7,7,7,7,7,7,7,20,20,20,20,24,24,24,24,24,24,24,24,24,24,24,24,24,24,24,24,24,24,24,24,24,24,24,24,24,24,24,24,24,24,19,19,19,19,19,19,19,19,19,19,19,19,19,67,67,67,67,67,67,67,67,67,67,67,67,67,67,67,67,67,67,67,67,67,67,67,67,67,67,67,67,67,67,67,67,67
3127577086,0,1,2,3,3,3,3,2,2,2,2,2,2,2,2,2,2,2,2,2,20,20,20,20,20,20,20,20,20,20,20,20,20,20,20,20,20,20,20,20,20,20,20,43,43,43,43,43,43,43,43,43,43,43,16,16,16,16,16,16,16,16,16,16,16,16,16,16,16,16,70,70,70,70,70,70,70,70,70,70,70,70,70,70,70,70,70,70,70,70,70,70,70,70,70,70,70,70,70,70
3169712432,0,1,1,3,3,3,3,7,7,7,7,7,7,7,7,7,7,7,7,19,8,8,8,8,8,8,8,8,8,8,8,8,8,8,8,8,8,8,8,8,8,8,8,8,8,8,8,47,47,47,47,47,47,47,27,27,27,27,27,27,27,27,27,27,27,27,27,27,27,27,27,27,27,27,27,27,27,27,27,27,27,27,27,27,27,27,27,27,27,27,27,27,27,27,27,27,27,27,27,27
3177010992,0,1,2,3,3,3,3,7,7,7,7,7,7,7,7,7,7,7,7,7,20,20,20,20,24,24,24,24,24,24,24,24,24,24,24,24,24,24,24,24,24,24,24,24,24,24,24,24,24,24,24,24,24,24,19,19,19,19,19,19,19,19,19,19,19,19,19,19,19,19,19,19,19,19,19,19,19,19,19,19,19,19,19,19,19,19,19,19,88,88,88,88,88,88,88,88,88,88,88,88
3184403524,0,1,2,3,3,3,3,2,2,2,2,2,2,2,2,2,2,2,2,2,20,20,20,20,20,20,20,20,20,20,20,20,20,20,20,20,20,20,20,20,20,20,20,43,43,43,43,43,43,43,43,43,43,43,13,13,13,13,13,13,13,13,13,13,13,13,13,13,13,13,13,13,13,13,13,13,13,13,13,13,13,13,13,13,13,13,13,13,13,13,13,13,13,13,13,13,13,13,13,13
3189117072,0,1,2,3,3,3,3,7,7,7,7,7,7,7,7,7,7,7,18,18,8,8,8,8,24,24,24,24,28,28,28,28,28,28,28,28,28,28,28,28,28,28,28,28,28,28,28,28,28,28,28,28,28,28,9,9,9,9,9,9,9,9,9,9,9,9,9,9,9,9,9,9,9,9,9,9,9,9,9,9,9,9,9,9,9,9,9,9,9,9,9,9,9,9,9,9,9,9,9,9
3190494363,0,1,1,1,1,1,1,7,7,7,1,1,1,1,1,1,1,1,1,1,1,1,1,1,1,1,1,1,1,1,1,1,1,1,1,1,1,1,1,1,1,1,1,1,1,1,1,1,1,1,1,1,1,1,9,9,9,9,9,9,9,9,9,9,9,9,9,9,9,9,9,9,9,9,9,9,9,9,9,9,9,81,81,81,81,81,81,81,81,81,81,81,81,81,81,95,95,95,95,95
3196627399,0,1,2,3,3,3,3,7,7,7,7,7,7,7,7,7,16,16,16,16,20,20,20,20,24,24,24,24,24,24,24,24,24,24,24,24,24,24,24,24,24,24,24,24,24,24,24,24,24,24,24,24,24,24,13,13,13,13,13,13,13,13,13,13,13,13,13,13,13,13,13,13,13,13,13,13,13,13,13,13,13,13,13,13,13,13,86,86,86,86,86,86,86,86,86,86,86,86,86,86
3211657373,0,1,2,2,2,2,2,7,7,7,7,7,7,7,7,7,7,7,7,7,20,20,20,20,24,24,24,24,24,24,24,24,24,24,24,24,24,24,24,24,24,24,24,24,24,24,24,24,24,24,24,24,24,24,19,19,19,19,19,19,19,19,19,19,19,19,19,19,19,19,19,19,19,73,73,73,73,73,73,73,73,73,73,73,73,73,73,73,73,73,73,73,73,73,73,73,73,73,73,73
3219089287,0,0,1,3,3,3,3,7,7,7,7,7,7,7,7,7,7,7,7,7,20,20,20,20,24,24,24,24,24,24,24,24,24,24,24,24,24,24,24,24,24,24,24,24,24,24,24,24,24,24,24,24,24,24,45,45,45,45,45,45,45,45,45,45,45,45,45,45,45,45,45,45,45,45,45,45,45,45,45,45,45,45,45,45,45,45,45,45,45,45,45,45,45,45,45,45,45,45,45,45
3245063922,0,1,1,3,4,4,4,3,3,3,3,3,3,3,3,3,3,3,3,3,7,7,7,7,7,7,7,7,7,7,7,7,7,7,7,7,7,7,7,7,7,7,7,7,7,7,7,7,7,7,7,7,7,7,12,12,12,12,12,12,12,12,12,12,12,12,12,12,12,12,12,12,12,12,12,12,12,12,12,12,12,12,12,12,12,12,12,12,12,12,12,12,12,12,12,12,12,12,12,12
3251984218,0,1,1,1,1,1,1,1,1,1,1,1,1,1,1,1,1,1,1,1,1,1,1,23,23,23,23,23,23,23,23,23,23,23,23,23,23,23,23,23,23,23,23,23,23,23,23,23,23,23,23,23,23,23,34,34,34,34,34,34,34,34,34,34,34,34,34,34,34,34,34,34,34,34,34,34,34,34,34,34,34,34,34,34,34,34,34,34,34,34,34,34,34,34,34,34,34,34,34,34
3260455681,0,1,2,3,3,3,3,7,7,7,7,7,7,7,7,7,7,7,7,7,20,20,20,20,24,24,24,24,24,24,24,24,24,24,24,24,24,24,24,24,24,24,24,24,24,24,24,24,24,24,24,24,24,24,19,19,19,19,19,19,19,19,19,19,19,19,19,19,19,19,19,19,19,19,19,19,19,19,19,19,19,19,19,19,19,19,19,19,19,19,19,19,19,19,19,19,19,19,19,19
3270034794,0,0,1,1,1,1,1,1,1,1,1,1,1,1,1,1,1,1,1,1,16,16,16,16,16,16,16,16,16,16,16,16,16,16,16,16,16,16,16,16,16,16,16,16,16,16,16,16,16,16,16,16,16,16,39,39,39,39,39,39,39,39,39,39,39,39,39,39,39,39,39,39,39,39,39,39,39,39,39,39,39,39,39,39,39,39,39,39,39,39,39,39,39,39,39,39,39,39,39,39
3273249702,0,1,2,3,3,3,3,7,7,7,7,7,7,7,7,7,7,7,18,18,8,8,8,8,24,24,24,24,24,24,24,24,24,24,24,24,24,24,24,24,24,24,24,24,24,24,24,24,24,24,24,24,24,24,2,2,2,2,2,2,2,2,2,2,2,2,2,2,2,2,2,2,2,2,2,2,2,2,78,78,78,78,78,78,78,78,78,78,78,78,78,78,78,78,78,78,78,78,78,78
3277232283,0,1,2,3,3,3,3,7,7,7,7,7,7,7,7,7,7,7,7,7,20,20,20,20,24,24,24,24,24,24,24,24,24,24,24,24,24,24,24,24,24,24,24,24,24,24,24,24,24,24,24,24,24,24,19,19,19,19,19,19,19,19,19,19,19,19,19,19,19,19,19,19,19,19,19,19,19,19,19,19,19,19,19,19,19,19,19,19,19,19,19,19,19,19,19,19,19,19,19,19
3297645846,0,1,2,3,3,3,3,2,2,2,2,2,2,2,2,2,2,2,2,2,20,20,20,20,20,20,20,20,20,20,20,20,20,20,20,20,20,20,20,20,20,20,20,20,20,20,20,20,20,20,20,20,20,20,16,16,16,16,16,16,16,16,16,16,16,16,16,16,16,16,16,16,16,16,16,16,16,16,16,16,16,16,16,16,16,16,16,16,16,16,16,16,16,16,16,16,16,16,16,16
3299509053,0,0,1,1,1,1,1,1,1,1,1,1,1,1,1,1,1,1,1,1,16,16,16,16,16,16,16,16,16,16,16,16,16,16,16,16,16,16,16,16,16,16,16,16,16,16,16,16,16,16,16,16,16,16,39,39,56,56,56,56,56,56,56,56,56,56,56,56,56,56,56,56,56,56,56,56,56,56,56,56,56,56,56,56,56,56,56,56,56,56,56,56,56,56,56,56,56,56,56,56
3308438674,0,1,2,3,3,3,3,2,2,2,2,2,2,2,2,2,2,2,2,2,20,20,20,20,20,20,20,20,20,20,20,20,20,20,20,20,20,20,20,20,20,20,20,43,43,43,43,43,43,43,43,43,43,43,13,13,13,13,13,13,13,13,13,13,13,13,66,66,66,66,70,70,70,70,70,70,70,70,70,70,70,70,70,70,70,70,70,70,70,70,90,90,90,90,90,90,90,90,90,90
3322949022,0,1,2,3,3,3,3,7,7,7,7,7,7,7,7,7,7,7,7,7,8,8,8,8,24,24,24,24,24,24,24,24,24,24,24,24,24,24,24,24,24,24,24,24,24,24,24,24,24,24,24,24,24,24,19,19,19,19,19,19,19,19,19,19,19,19,19,19,19,19,19,19,72,72,72,72,72,72,72,72,72,72,72,72,72,72,72,72,72,72,72,72,72,72,72,72,72,72,72,72
3328787598,0,1,2,3,3,3,3,7,7,7,7,7,7,7,7,7,7,7,18,18,8,8,8,8,24,24,24,24,24,24,24,24,24,24,24,24,24,24,24,24,24,24,24,43,44,44,44,44,44,44,44,44,44,44,37,37,37,37,37,37,37,37,37,37,37,37,37,37,37,37,37,37,37,37,37,37,37,37,37,37,37,37,37,37,37,37,37,37,37,37,37,37,37,37,37,37,37,37,37,37
3363439517,0,1,2,3,3,3,3,2,2,2,2,2,2,2,2,2,2,2,2,2,20,20,20,20,20,20,20,20,20,20,20,20,20,20,20,20,20,20,20,20,20,20,20,20,20,20,20,20,20,20,20,20,20,20,16,16,16,16,16,16,16,16,16,16,16,16,16,16,16,16,16,16,16,16,16,16,16,16,16,16,16,16,16,16,16,16,16,16,16,16,16,16,16,16,16,16,16,16,16,16
3364366864,0,1,2,3,3,3,3,7,7,7,7,7,7,7,7,7,7,7,18,18,8,8,8,8,24,24,24,24,28,28,28,28,28,28,28,28,28,28,28,28,28,28,28,28,28,28,28,28,28,28,28,28,28,28,9,9,9,9,9,9,9,19,62,62,62,62,62,62,62,62,62,62,62,62,62,62,62,62,62,62,62,62,62,62,62,62,62,62,62,62,62,62,62,62,62,62,62,62,62,62
3366698309,0,1,1,1,1,1,1,7,7,7,1,1,1,1,1,1,1,1,1,1,20,20,20,20,8,8,8,8,8,8,8,8,8,8,8,8,8,8,8,8,8,8,8,8,8,8,8,8,8,8,8,8,8,8,19,19,19,19,19,19,19,19,19,19,19,19,19,19,19,19,70,70,70,70,70,70,70,70,70,70,70,70,70,70,70,70,70,70,70,70,70,70,70,70,70,70,70,70,70,70
3377655935,0,0,1,3,3,3,3,7,7,7,7,7,7,7,7,7,7,7,7,7,18,18,18,18,18,18,18,18,18,18,18,18,18,18,18,18,18,18,18,18,18,18,18,18,18,18,18,18,18,18,18,18,18,18,46,46,46,46,46,46,46,46,46,46,46,46,46,46,46,46,46,46,46,46,46,46,46,46,46,46,46,46,46,46,46,46,46,46,46,46,46,46,46,46,46,46,46,46,46,46
3379554375,0,1,2,3,3,3,3,2,2,2,2,2,2,2,2,2,2,2,2,2,20,20,20,20,8,8,8,8,8,8,8,8,8,8,8,8,8,8,8,8,8,8,8,43,43,43,43,43,43,43,43,43,43,43,16,16,16,16,16,16,16,16,16,16,16,16,16,16,16,16,70,70,70,70,70,75,75,75,75,75,75,75,75,75,75,75,75,75,75,75,75,75,75,75,75,75,75,75,75,75
3383214611,0,1,2,3,3,3,3,7,7,7,7,7,7,7,7,7,7,7,7,7,20,20,20,20,24,24,24,24,24,24,24,24,24,24,24,24,24,24,24,24,24,24,24,24,24,24,24,24,24,24,24,24,24,24,8,8,8,8,8,8,8,8,8,8,8,8,8,8,8,8,8,8,8,8,8,8,8,8,8,8,8,8,8,8,8,8,8,8,8,8,8,8,8,8,8,8,8,8,8,8
3386174836,0,0,1,1,1,1,1,1,1,1,1,1,1,1,1,1,1,1,1,1,16,21,21,21,21,21,21,21,21,21,21,21,21,21,21,21,21,21,21,21,21,21,21,21,21,21,21,21,21,21,21,21,21,21,39,39,39,39,39,39,60,60,60,60,60,60,60,60,60,60,60,60,60,60,60,60,60,60,60,60,60,60,60,60,60,60,60,60,60,60,60,60,60,60,60,60,60,60,60,60
3398076960,0,0,1,3,3,3,0,7,7,7,7,7,7,7,7,7,7,7,7,7,0,0,0,0,0,0,0,0,0,0,0,0,0,0,0,0,0,0,0,0,40,40,40,40,40,40,40,40,40,40,40,40,40,40,31,31,31,31,31,31,31,31,31,31,31,31,31,31,31,31,31,31,31,31,31,31,31,31,31,31,31,31,31,31,31,31,31,31,31,31,31,31,31,31,31,31,31,31,31,31
3407282046,0,1,1,3,3,3,3,7,7,7,7,7,7,7,7,7,7,7,7,7,20,20,20,20,24,24,24,24,24,24,24,24,24,24,24,24,24,24,24,24,24,24,24,24,24,24,24,24,24,49,49,49,49,49,41,41,41,41,41,41,41,41,41,41,41,41,41,41,41,41,41,41,41,41,41,41,41,41,41,41,41,41,41,41,41,41,41,41,41,41,41,41,41,41,41,41,41,41,41,41
3422171886,0,1,1,3,3,3,3,7,7,7,7,7,7,7,7,7,16,16,16,16,11,11,11,11,11,11,11,11,11,11,11,11,11,11,11,11,11,11,11,11,11,11,11,11,11,11,11,11,11,11,11,11,11,11,13,13,13,13,13,19,19,19,19,19,19,19,66,66,66,66,66,66,66,66,66,66,66,66,66,79,79,79,79,79,79,79,79,79,79,79,79,79,79,79,79,79,79,79,79,79
3426467577,0,1,2,3,3,3,3,7,7,7,7,7,7,7,7,7,7,7,18,18,8,8,8,8,24,24,24,24,24,24,24,24,24,24,24,24,24,24,24,24,24,24,24,24,24,24,24,24,24,24,24,24,24,24,19,19,19,19,19,19,19,19,19,19,19,19,19,19,19,19,19,19,19,19,19,19,19,19,19,19,19,19,19,19,19,19,19,19,19,19,19,19,19,19,19,19,19,19,19,19
3431736996,0,1,2,3,3,3,3,7,7,7,7,7,7,7,7,7,7,7,18,18,8,8,8,8,20,20,20,20,28,28,28,28,28,28,28,28,28,28,28,28,28,28,28,28,28,28,28,28,28,28,28,28,28,28,9,9,9,9,9,9,9,9,9,9,9,9,9,9,9,9,9,9,9,9,9,9,9,9,9,9,9,9,9,9,9,9,9,9,9,89,89,89,89,89,89,89,89,89,89,89
3438939828,0,1,2,3,3,3,3,7,7,7,7,7,7,7,7,7,7,7,18,18,8,8,8,8,24,24,24,24,28,28,28,28,28,28,28,28,28,28,28,28,28,28,28,28,28,28,28,28,28,28,28,28,28,28,51,51,51,51,51,51,51,51,51,51,51,51,51,51,51,51,51,51,51,51,51,51,51,51,51,51,51,51,51,51,51,51,51,51,51,51,51,51,51,51,51,51,51,51,51,51
3438976411,0,1,2,3,3,3,3,7,7,7,7,7,7,7,7,7,7,7,18,18,20,20,20,20,24,24,24,24,24,24,24,24,24,24,24,24,24,24,24,24,24,24,24,24,24,24,24,24,24,24,24,24,24,24,2,2,2,2,2,2,2,2,2,2,2,2,2,2,2,2,2,2,2,2,2,2,2,2,2,2,2,2,2,2,2,2,2,2,2,2,2,2,2,2,2,2,2,2,2,2
3447180215,0,1,2,3,3,3,3,7,7,7,7,7,7,7,7,7,7,7,18,18,8,8,8,8,24,24,24,24,28,28,28,28,28,28,28,28,28,28,28,28,28,28,28,28,28,28,28,28,28,28,28,28,28,28,9,9,9,9,9,9,9,9,9,9,9,9,9,9,9,9,9,9,9,9,9,9,9,9,9,9,9,9,9,9,9,9,9,9,9,9,9,9,9,9,9,9,9,9,9,9
3452435884,0,0,1,3,3,3,3,7,7,7,7,7,7,13,13,13,13,13,13,13,18,18,18,18,18,18,18,18,18,18,18,18,18,18,18,18,18,18,18,18,18,18,18,18,18,18,46,46,46,46,46,46,46,46,24,24,24,24,24,24,24,24,24,24,24,24,24,24,24,24,24,24,24,24,24,24,24,24,24,24,24,24,24,24,24,24,24,24,24,24,24,24,24,24,24,24,24,24,24,24
3458210342,0,1,2,3,3,3,3,7,7,7,7,7,7,7,7,7,7,7,18,18,8,8,8,8,24,24,24,24,24,24,24,24,24,24,24,24,24,24,24,24,24,24,24,24,24,24,24,24,24,24,24,24,24,24,19,19,19,19,19,19,19,19,19,19,19,19,19,19,19,19,19,19,19,19,74,74,74,74,74,74,74,74,74,74,74,74,74,74,74,74,74,74,74,74,74,74,74,74,74,74
3466187886,0,0,1,2,2,2,2,1,1,1,1,1,1,1,1,1,1,1,1,1,15,15,15,15,16,16,16,16,16,16,16,16,24,24,24,24,24,24,24,24,24,24,24,24,24,24,24,24,24,24,24,24,24,53,44,44,44,44,44,44,44,44,44,44,44,44,44,44,44,44,44,44,44,44,44,44,44,44,44,44,44,44,44,44,44,44,44,44,44,44,44,44,44,44,44,44,44,44,44,44
